familia,diff,adf_stat,adf_p,kpss_stat,kpss_p,diagnostico,d_recomendado
106,0,-5.964750704730017,2.6046008211898823e-06,0.0279631150318274,0.1,✅ Estacionaria,0
106,1,-7.800247611859577,2.068992829889214e-10,0.029069263139666516,0.1,✅ Estacionaria,1
106,1+12,-6.555198294998305,1.3950572263465307e-07,0.03374349516461152,0.1,✅ Estacionaria,1+12
124,0,-2.5541085965677017,0.3014582835047956,0.34052128422468614,0.01,❌ No estacionaria → necesita diferenciación,1
124,1,-10.752555309607974,6.687419040347319e-17,0.10412497528592723,0.1,✅ Estacionaria,1
124,1+12,-4.982799676672454,0.00022111116473173733,0.10514314187289306,0.1,✅ Estacionaria,1+12
233,0,-4.566671129970843,0.001171921003338504,0.14360415726270798,0.05443674580980003,✅ Estacionaria,0
233,1,-8.331790935071254,1.2236769270460437e-11,0.008184866048269337,0.1,✅ Estacionaria,1
233,1+12,-5.536830830011222,1.948034394686912e-05,0.0140669165447178,0.1,✅ Estacionaria,1+12
