familia,diff,adf_stat,adf_p,kpss_stat,kpss_p,diagnostico,d_recomendado
106,0,-5.7865661996053905,6.097257310470163e-06,0.05001217304366989,0.1,✅ Estacionaria,0
106,1,-6.456950088825608,2.2934264860273778e-07,0.013332114322825933,0.1,✅ Estacionaria,1
106,1+12,-6.45525018330802,2.3131642860688592e-07,0.013599990764846423,0.1,✅ Estacionaria,1+12
124,0,-2.0500734793525672,0.5739152840748597,0.2475654405301706,0.01,❌ No estacionaria → necesita diferenciación,1
124,1,-10.352719276048264,4.241492132885746e-16,0.08979416511093262,0.1,✅ Estacionaria,1
124,1+12,-4.189325395609326,0.004646012356673817,0.09090218504993502,0.1,✅ Estacionaria,1+12
233,0,-4.6137579297064955,0.0009776822383681387,0.12925405116813485,0.08101101635530583,✅ Estacionaria,0
233,1,-8.118914752617204,3.794200434337102e-11,0.008045123006364228,0.1,✅ Estacionaria,1
233,1+12,-5.319101887273836,5.193329648446539e-05,0.017488375538277735,0.1,✅ Estacionaria,1+12
