Familia,RMSE,MAE,MAPE
106,29351.06249684215,14755.843662111589,71.52575908515986
124,32674.73461902911,25404.530900529167,36.05705174112647
233,24733.509170977304,18297.08578877251,51.50849786431569
